[2026-09-25T17:27:25.043+0000] {manager.py:470} INFO - Processing files using up to 2 processes at a time 
[2026-09-25T17:27:25.044+0000] {manager.py:471} INFO - Process each file at most once every 30 seconds
[2026-09-25T17:27:25.045+0000] {manager.py:472} INFO - Checking for new files in /opt/airflow/dags every 300 seconds
[2026-09-25T17:27:25.047+0000] {manager.py:737} INFO - Searching for files in /opt/airflow/dags
[2026-09-25T17:27:25.250+0000] {manager.py:740} INFO - There are 51 files in /opt/airflow/dags
[2026-09-25T17:27:26.898+0000] {manager.py:878} INFO - 
================================================================================
DAG File Processing Stats

File Path                                                                                                                            PID  Runtime      # DAGs    # Errors  Last Runtime    Last Run
---------------------------------------------------------------------------------------------------------------------------------  -----  ---------  --------  ----------  --------------  ----------
/home/airflow/.local/lib/python3.12/site-packages/airflow/example_dags/example_bash_decorator.py                                      74  0.63s             0           0
/home/airflow/.local/lib/python3.12/site-packages/airflow/example_dags/example_bash_operator.py                                       75  0.57s             0           0
/home/airflow/.local/lib/python3.12/site-packages/airflow/example_dags/example_branch_datetime_operator.py                                                  0           0
/home/airflow/.local/lib/python3.12/site-packages/airflow/example_dags/example_branch_day_of_week_operator.py                                               0           0
/home/airflow/.local/lib/python3.12/site-packages/airflow/example_dags/example_branch_labels.py                                                             0           0
/home/airflow/.local/lib/python3.12/site-packages/airflow/example_dags/example_branch_operator.py                                                           0           0
/home/airflow/.local/lib/python3.12/site-packages/airflow/example_dags/example_branch_operator_decorator.py                                                 0           0
/home/airflow/.local/lib/python3.12/site-packages/airflow/example_dags/example_branch_python_dop_operator_3.py                                              0           0
/home/airflow/.local/lib/python3.12/site-packages/airflow/example_dags/example_complex.py                                                                   0           0
/home/airflow/.local/lib/python3.12/site-packages/airflow/example_dags/example_dag_decorator.py                                                             0           0
/home/airflow/.local/lib/python3.12/site-packages/airflow/example_dags/example_datasets.py                                                                  0           0
/home/airflow/.local/lib/python3.12/site-packages/airflow/example_dags/example_display_name.py                                                              0           0
/home/airflow/.local/lib/python3.12/site-packages/airflow/example_dags/example_dynamic_task_mapping.py                                                      0           0
/home/airflow/.local/lib/python3.12/site-packages/airflow/example_dags/example_dynamic_task_mapping_with_no_taskflow_operators.py                           0           0
/home/airflow/.local/lib/python3.12/site-packages/airflow/example_dags/example_external_task_marker_dag.py                                                  0           0
/home/airflow/.local/lib/python3.12/site-packages/airflow/example_dags/example_kubernetes_executor.py                                                       0           0
/home/airflow/.local/lib/python3.12/site-packages/airflow/example_dags/example_latest_only.py                                                               0           0
/home/airflow/.local/lib/python3.12/site-packages/airflow/example_dags/example_latest_only_with_trigger.py                                                  0           0
/home/airflow/.local/lib/python3.12/site-packages/airflow/example_dags/example_local_kubernetes_executor.py                                                 0           0
/home/airflow/.local/lib/python3.12/site-packages/airflow/example_dags/example_nested_branch_dag.py                                                         0           0
/home/airflow/.local/lib/python3.12/site-packages/airflow/example_dags/example_params_trigger_ui.py                                                         0           0
/home/airflow/.local/lib/python3.12/site-packages/airflow/example_dags/example_params_ui_tutorial.py                                                        0           0
/home/airflow/.local/lib/python3.12/site-packages/airflow/example_dags/example_passing_params_via_test_command.py                                           0           0
/home/airflow/.local/lib/python3.12/site-packages/airflow/example_dags/example_python_decorator.py                                                          0           0
/home/airflow/.local/lib/python3.12/site-packages/airflow/example_dags/example_python_operator.py                                                           0           0
/home/airflow/.local/lib/python3.12/site-packages/airflow/example_dags/example_sensor_decorator.py                                                          0           0
/home/airflow/.local/lib/python3.12/site-packages/airflow/example_dags/example_sensors.py                                                                   0           0
/home/airflow/.local/lib/python3.12/site-packages/airflow/example_dags/example_setup_teardown.py                                                            0           0
/home/airflow/.local/lib/python3.12/site-packages/airflow/example_dags/example_setup_teardown_taskflow.py                                                   0           0
/home/airflow/.local/lib/python3.12/site-packages/airflow/example_dags/example_short_circuit_decorator.py                                                   0           0
/home/airflow/.local/lib/python3.12/site-packages/airflow/example_dags/example_short_circuit_operator.py                                                    0           0
/home/airflow/.local/lib/python3.12/site-packages/airflow/example_dags/example_skip_dag.py                                                                  0           0
/home/airflow/.local/lib/python3.12/site-packages/airflow/example_dags/example_sla_dag.py                                                                   0           0
/home/airflow/.local/lib/python3.12/site-packages/airflow/example_dags/example_subdag_operator.py                                                           0           0
/home/airflow/.local/lib/python3.12/site-packages/airflow/example_dags/example_task_group.py                                                                0           0
/home/airflow/.local/lib/python3.12/site-packages/airflow/example_dags/example_task_group_decorator.py                                                      0           0
/home/airflow/.local/lib/python3.12/site-packages/airflow/example_dags/example_time_delta_sensor_async.py                                                   0           0
/home/airflow/.local/lib/python3.12/site-packages/airflow/example_dags/example_trigger_controller_dag.py                                                    0           0
/home/airflow/.local/lib/python3.12/site-packages/airflow/example_dags/example_trigger_target_dag.py                                                        0           0
/home/airflow/.local/lib/python3.12/site-packages/airflow/example_dags/example_xcom.py                                                                      0           0
/home/airflow/.local/lib/python3.12/site-packages/airflow/example_dags/example_xcomargs.py                                                                  0           0
/home/airflow/.local/lib/python3.12/site-packages/airflow/example_dags/tutorial.py                                                                          0           0
/home/airflow/.local/lib/python3.12/site-packages/airflow/example_dags/tutorial_dag.py                                                                      0           0
/home/airflow/.local/lib/python3.12/site-packages/airflow/example_dags/tutorial_objectstorage.py                                                            0           0
/home/airflow/.local/lib/python3.12/site-packages/airflow/example_dags/tutorial_taskflow_api.py                                                             0           0
/home/airflow/.local/lib/python3.12/site-packages/airflow/example_dags/tutorial_taskflow_api_virtualenv.py                                                  0           0
/home/airflow/.local/lib/python3.12/site-packages/airflow/example_dags/plugins/decreasing_priority_weight_strategy.py                                       0           0
/home/airflow/.local/lib/python3.12/site-packages/airflow/example_dags/plugins/event_listener.py                                                            0           0
/home/airflow/.local/lib/python3.12/site-packages/airflow/example_dags/plugins/listener_plugin.py                                                           0           0
/home/airflow/.local/lib/python3.12/site-packages/airflow/example_dags/plugins/workday.py                                                                   0           0
/home/airflow/.local/lib/python3.12/site-packages/airflow/example_dags/subdags/subdag.py                                                                    0           0
================================================================================
[2026-09-25T17:27:57.398+0000] {manager.py:878} INFO - 
================================================================================
DAG File Processing Stats

File Path                                                                                                                            PID  Runtime      # DAGs    # Errors  Last Runtime    Last Run
---------------------------------------------------------------------------------------------------------------------------------  -----  ---------  --------  ----------  --------------  -------------------
/home/airflow/.local/lib/python3.12/site-packages/airflow/example_dags/example_dag_decorator.py                                                             1           0  8.54s           2026-09-25T17:27:43
/home/airflow/.local/lib/python3.12/site-packages/airflow/example_dags/example_datasets.py                                                                 10           0  3.58s           2026-09-25T17:27:38
/home/airflow/.local/lib/python3.12/site-packages/airflow/example_dags/example_bash_decorator.py                                                            1           0  3.28s           2026-09-25T17:27:29
/home/airflow/.local/lib/python3.12/site-packages/airflow/example_dags/example_bash_operator.py                                                             1           0  3.17s           2026-09-25T17:27:29
/home/airflow/.local/lib/python3.12/site-packages/airflow/example_dags/example_kubernetes_executor.py                                                       1           0  2.53s           2026-09-25T17:27:47
/home/airflow/.local/lib/python3.12/site-packages/airflow/example_dags/example_display_name.py                                                              1           0  2.13s           2026-09-25T17:27:41
/home/airflow/.local/lib/python3.12/site-packages/airflow/example_dags/example_latest_only.py                                                               1           0  1.95s           2026-09-25T17:27:47
/home/airflow/.local/lib/python3.12/site-packages/airflow/example_dags/example_branch_labels.py                                                             1           0  1.69s           2026-09-25T17:27:32
/home/airflow/.local/lib/python3.12/site-packages/airflow/example_dags/example_dynamic_task_mapping.py                                                      1           0  1.63s           2026-09-25T17:27:43
/home/airflow/.local/lib/python3.12/site-packages/airflow/example_dags/example_branch_operator.py                                                           1           0  1.61s           2026-09-25T17:27:33
/home/airflow/.local/lib/python3.12/site-packages/airflow/example_dags/example_external_task_marker_dag.py                                                  2           0  1.60s           2026-09-25T17:27:45
/home/airflow/.local/lib/python3.12/site-packages/airflow/example_dags/example_complex.py                                                                   1           0  1.52s           2026-09-25T17:27:35
/home/airflow/.local/lib/python3.12/site-packages/airflow/example_dags/example_branch_operator_decorator.py                                                 1           0  1.51s           2026-09-25T17:27:33
/home/airflow/.local/lib/python3.12/site-packages/airflow/example_dags/example_branch_day_of_week_operator.py                                               1           0  1.46s           2026-09-25T17:27:31
/home/airflow/.local/lib/python3.12/site-packages/airflow/example_dags/example_branch_python_dop_operator_3.py                                              1           0  1.34s           2026-09-25T17:27:34
/home/airflow/.local/lib/python3.12/site-packages/airflow/example_dags/example_params_ui_tutorial.py                                                        1           0  1.32s           2026-09-25T17:27:50
/home/airflow/.local/lib/python3.12/site-packages/airflow/example_dags/example_dynamic_task_mapping_with_no_taskflow_operators.py                           1           0  1.32s           2026-09-25T17:27:44
/home/airflow/.local/lib/python3.12/site-packages/airflow/example_dags/example_subdag_operator.py                                                           3           0  1.23s           2026-09-25T17:27:56
/home/airflow/.local/lib/python3.12/site-packages/airflow/example_dags/example_sla_dag.py                                                                   1           0  1.23s           2026-09-25T17:27:55
/home/airflow/.local/lib/python3.12/site-packages/airflow/example_dags/example_branch_datetime_operator.py                                                  3           0  1.18s           2026-09-25T17:27:30
/home/airflow/.local/lib/python3.12/site-packages/airflow/example_dags/example_task_group.py                                                                1           0  1.18s           2026-09-25T17:27:56
/home/airflow/.local/lib/python3.12/site-packages/airflow/example_dags/example_setup_teardown_taskflow.py                                                   1           0  1.03s           2026-09-25T17:27:53
/home/airflow/.local/lib/python3.12/site-packages/airflow/example_dags/example_local_kubernetes_executor.py                                                 1           0  1.02s           2026-09-25T17:27:48
/home/airflow/.local/lib/python3.12/site-packages/airflow/example_dags/example_passing_params_via_test_command.py                                           1           0  1.00s           2026-09-25T17:27:50
/home/airflow/.local/lib/python3.12/site-packages/airflow/example_dags/example_python_operator.py                                                           1           0  0.96s           2026-09-25T17:27:51
/home/airflow/.local/lib/python3.12/site-packages/airflow/example_dags/example_skip_dag.py                                                                  1           0  0.96s           2026-09-25T17:27:54
/home/airflow/.local/lib/python3.12/site-packages/airflow/example_dags/example_setup_teardown.py                                                            1           0  0.92s           2026-09-25T17:27:53
/home/airflow/.local/lib/python3.12/site-packages/airflow/example_dags/example_latest_only_with_trigger.py                                                  1           0  0.88s           2026-09-25T17:27:48
/home/airflow/.local/lib/python3.12/site-packages/airflow/example_dags/example_sensor_decorator.py                                                          1           0  0.84s           2026-09-25T17:27:51
/home/airflow/.local/lib/python3.12/site-packages/airflow/example_dags/example_short_circuit_decorator.py                                                   1           0  0.74s           2026-09-25T17:27:54
/home/airflow/.local/lib/python3.12/site-packages/airflow/example_dags/example_params_trigger_ui.py                                                         1           0  0.73s           2026-09-25T17:27:49
/home/airflow/.local/lib/python3.12/site-packages/airflow/example_dags/example_nested_branch_dag.py                                                         1           0  0.72s           2026-09-25T17:27:48
/home/airflow/.local/lib/python3.12/site-packages/airflow/example_dags/example_short_circuit_operator.py                                                    1           0  0.68s           2026-09-25T17:27:54
/home/airflow/.local/lib/python3.12/site-packages/airflow/example_dags/example_sensors.py                                                                   1           0  0.62s           2026-09-25T17:27:52
/home/airflow/.local/lib/python3.12/site-packages/airflow/example_dags/example_python_decorator.py                                                          1           0  0.62s           2026-09-25T17:27:50
/home/airflow/.local/lib/python3.12/site-packages/airflow/example_dags/example_task_group_decorator.py                               116  1.06s             0           0
/home/airflow/.local/lib/python3.12/site-packages/airflow/example_dags/example_time_delta_sensor_async.py                            117  0.69s             0           0
/home/airflow/.local/lib/python3.12/site-packages/airflow/example_dags/example_trigger_controller_dag.py                                                    0           0
/home/airflow/.local/lib/python3.12/site-packages/airflow/example_dags/example_trigger_target_dag.py                                                        0           0
/home/airflow/.local/lib/python3.12/site-packages/airflow/example_dags/example_xcom.py                                                                      0           0
/home/airflow/.local/lib/python3.12/site-packages/airflow/example_dags/example_xcomargs.py                                                                  0           0
/home/airflow/.local/lib/python3.12/site-packages/airflow/example_dags/tutorial.py                                                                          0           0
/home/airflow/.local/lib/python3.12/site-packages/airflow/example_dags/tutorial_dag.py                                                                      0           0
/home/airflow/.local/lib/python3.12/site-packages/airflow/example_dags/tutorial_objectstorage.py                                                            0           0
/home/airflow/.local/lib/python3.12/site-packages/airflow/example_dags/tutorial_taskflow_api.py                                                             0           0
/home/airflow/.local/lib/python3.12/site-packages/airflow/example_dags/tutorial_taskflow_api_virtualenv.py                                                  0           0
/home/airflow/.local/lib/python3.12/site-packages/airflow/example_dags/plugins/decreasing_priority_weight_strategy.py                                       0           0
/home/airflow/.local/lib/python3.12/site-packages/airflow/example_dags/plugins/event_listener.py                                                            0           0
/home/airflow/.local/lib/python3.12/site-packages/airflow/example_dags/plugins/listener_plugin.py                                                           0           0
/home/airflow/.local/lib/python3.12/site-packages/airflow/example_dags/plugins/workday.py                                                                   0           0
/home/airflow/.local/lib/python3.12/site-packages/airflow/example_dags/subdags/subdag.py                                                                    0           0
================================================================================
[2026-09-25T17:28:27.548+0000] {manager.py:878} INFO - 
================================================================================
DAG File Processing Stats

File Path                                                                                                                            PID  Runtime      # DAGs    # Errors  Last Runtime    Last Run
---------------------------------------------------------------------------------------------------------------------------------  -----  ---------  --------  ----------  --------------  -------------------
/home/airflow/.local/lib/python3.12/site-packages/airflow/example_dags/plugins/workday.py                                                                   0           0  16.63s          2026-09-25T17:28:23
/home/airflow/.local/lib/python3.12/site-packages/airflow/example_dags/example_dag_decorator.py                                                             1           0  5.41s           2026-09-25T17:28:22
/home/airflow/.local/lib/python3.12/site-packages/airflow/example_dags/tutorial_objectstorage.py                                                            1           0  2.65s           2026-09-25T17:28:05
/home/airflow/.local/lib/python3.12/site-packages/airflow/example_dags/example_branch_operator_decorator.py                                                 1           0  2.53s           2026-09-25T17:28:14
/home/airflow/.local/lib/python3.12/site-packages/airflow/example_dags/tutorial_dag.py                                                                      1           0  2.47s           2026-09-25T17:28:02
/home/airflow/.local/lib/python3.12/site-packages/airflow/example_dags/tutorial_taskflow_api.py                                                             1           0  2.13s           2026-09-25T17:28:04
/home/airflow/.local/lib/python3.12/site-packages/airflow/example_dags/tutorial_taskflow_api_virtualenv.py                                                  1           0  2.09s           2026-09-25T17:28:07
/home/airflow/.local/lib/python3.12/site-packages/airflow/example_dags/example_branch_python_dop_operator_3.py                                              1           0  1.78s           2026-09-25T17:28:16
/home/airflow/.local/lib/python3.12/site-packages/airflow/example_dags/example_trigger_controller_dag.py                                                    1           0  1.62s           2026-09-25T17:27:59
/home/airflow/.local/lib/python3.12/site-packages/airflow/example_dags/example_trigger_target_dag.py                                                        1           0  1.43s           2026-09-25T17:27:59
/home/airflow/.local/lib/python3.12/site-packages/airflow/example_dags/example_time_delta_sensor_async.py                                                   1           0  1.41s           2026-09-25T17:27:58
/home/airflow/.local/lib/python3.12/site-packages/airflow/example_dags/example_datasets.py                                                                 10           0  1.33s           2026-09-25T17:28:24
/home/airflow/.local/lib/python3.12/site-packages/airflow/example_dags/example_params_ui_tutorial.py                                                        1           0  1.32s           2026-09-25T17:27:50
/home/airflow/.local/lib/python3.12/site-packages/airflow/example_dags/example_task_group_decorator.py                                                      1           0  1.27s           2026-09-25T17:27:57
/home/airflow/.local/lib/python3.12/site-packages/airflow/example_dags/example_subdag_operator.py                                                           3           0  1.23s           2026-09-25T17:27:56
/home/airflow/.local/lib/python3.12/site-packages/airflow/example_dags/example_sla_dag.py                                                                   1           0  1.23s           2026-09-25T17:27:55
/home/airflow/.local/lib/python3.12/site-packages/airflow/example_dags/example_task_group.py                                                                1           0  1.18s           2026-09-25T17:27:56
/home/airflow/.local/lib/python3.12/site-packages/airflow/example_dags/example_setup_teardown_taskflow.py                                                   1           0  1.03s           2026-09-25T17:27:53
/home/airflow/.local/lib/python3.12/site-packages/airflow/example_dags/example_passing_params_via_test_command.py                                           1           0  1.00s           2026-09-25T17:27:50
/home/airflow/.local/lib/python3.12/site-packages/airflow/example_dags/example_branch_operator.py                                                           1           0  0.98s           2026-09-25T17:28:12
/home/airflow/.local/lib/python3.12/site-packages/airflow/example_dags/example_python_operator.py                                                           1           0  0.96s           2026-09-25T17:27:51
/home/airflow/.local/lib/python3.12/site-packages/airflow/example_dags/example_skip_dag.py                                                                  1           0  0.96s           2026-09-25T17:27:54
/home/airflow/.local/lib/python3.12/site-packages/airflow/example_dags/example_complex.py                                                                   1           0  0.94s           2026-09-25T17:28:17
/home/airflow/.local/lib/python3.12/site-packages/airflow/example_dags/example_setup_teardown.py                                                            1           0  0.92s           2026-09-25T17:27:53
/home/airflow/.local/lib/python3.12/site-packages/airflow/example_dags/example_sensor_decorator.py                                                          1           0  0.84s           2026-09-25T17:27:51
/home/airflow/.local/lib/python3.12/site-packages/airflow/example_dags/example_xcom.py                                                                      1           0  0.79s           2026-09-25T17:27:59
/home/airflow/.local/lib/python3.12/site-packages/airflow/example_dags/plugins/listener_plugin.py                                                           0           0  0.75s           2026-09-25T17:28:07
/home/airflow/.local/lib/python3.12/site-packages/airflow/example_dags/example_short_circuit_decorator.py                                                   1           0  0.74s           2026-09-25T17:27:54
/home/airflow/.local/lib/python3.12/site-packages/airflow/example_dags/example_bash_decorator.py                                                            1           0  0.74s           2026-09-25T17:28:08
/home/airflow/.local/lib/python3.12/site-packages/airflow/example_dags/example_params_trigger_ui.py                                  159  0.89s             1           0  0.73s           2026-09-25T17:27:49
/home/airflow/.local/lib/python3.12/site-packages/airflow/example_dags/example_nested_branch_dag.py                                  158  1.09s             1           0  0.72s           2026-09-25T17:27:48
/home/airflow/.local/lib/python3.12/site-packages/airflow/example_dags/plugins/event_listener.py                                                            0           0  0.72s           2026-09-25T17:28:06
/home/airflow/.local/lib/python3.12/site-packages/airflow/example_dags/example_local_kubernetes_executor.py                                                 1           0  0.71s           2026-09-25T17:28:26
/home/airflow/.local/lib/python3.12/site-packages/airflow/example_dags/tutorial.py                                                                          1           0  0.71s           2026-09-25T17:28:00
/home/airflow/.local/lib/python3.12/site-packages/airflow/example_dags/example_latest_only_with_trigger.py                                                  1           0  0.70s           2026-09-25T17:28:26
/home/airflow/.local/lib/python3.12/site-packages/airflow/example_dags/example_short_circuit_operator.py                                                    1           0  0.68s           2026-09-25T17:27:54
/home/airflow/.local/lib/python3.12/site-packages/airflow/example_dags/example_xcomargs.py                                                                  2           0  0.64s           2026-09-25T17:28:00
/home/airflow/.local/lib/python3.12/site-packages/airflow/example_dags/example_bash_operator.py                                                             1           0  0.64s           2026-09-25T17:28:09
/home/airflow/.local/lib/python3.12/site-packages/airflow/example_dags/example_branch_labels.py                                                             1           0  0.62s           2026-09-25T17:28:11
/home/airflow/.local/lib/python3.12/site-packages/airflow/example_dags/example_sensors.py                                                                   1           0  0.62s           2026-09-25T17:27:52
/home/airflow/.local/lib/python3.12/site-packages/airflow/example_dags/example_python_decorator.py                                                          1           0  0.62s           2026-09-25T17:27:50
/home/airflow/.local/lib/python3.12/site-packages/airflow/example_dags/example_branch_datetime_operator.py                                                  3           0  0.58s           2026-09-25T17:28:09
/home/airflow/.local/lib/python3.12/site-packages/airflow/example_dags/example_branch_day_of_week_operator.py                                               1           0  0.57s           2026-09-25T17:28:10
/home/airflow/.local/lib/python3.12/site-packages/airflow/example_dags/example_kubernetes_executor.py                                                       1           0  0.57s           2026-09-25T17:28:25
/home/airflow/.local/lib/python3.12/site-packages/airflow/example_dags/example_latest_only.py                                                               1           0  0.55s           2026-09-25T17:28:25
/home/airflow/.local/lib/python3.12/site-packages/airflow/example_dags/example_external_task_marker_dag.py                                                  2           0  0.47s           2026-09-25T17:28:25
/home/airflow/.local/lib/python3.12/site-packages/airflow/example_dags/example_dynamic_task_mapping.py                                                      1           0  0.36s           2026-09-25T17:28:24
/home/airflow/.local/lib/python3.12/site-packages/airflow/example_dags/example_dynamic_task_mapping_with_no_taskflow_operators.py                           1           0  0.35s           2026-09-25T17:28:24
/home/airflow/.local/lib/python3.12/site-packages/airflow/example_dags/subdags/subdag.py                                                                    0           0  0.33s           2026-09-25T17:28:07
/home/airflow/.local/lib/python3.12/site-packages/airflow/example_dags/example_display_name.py                                                              1           0  0.32s           2026-09-25T17:28:24
/home/airflow/.local/lib/python3.12/site-packages/airflow/example_dags/plugins/decreasing_priority_weight_strategy.py                                       0           0  0.19s           2026-09-25T17:28:05
================================================================================
[2026-09-25T17:28:57.604+0000] {manager.py:878} INFO - 
================================================================================
DAG File Processing Stats

File Path                                                                                                                            PID  Runtime      # DAGs    # Errors  Last Runtime    Last Run
---------------------------------------------------------------------------------------------------------------------------------  -----  ---------  --------  ----------  --------------  -------------------
/home/airflow/.local/lib/python3.12/site-packages/airflow/example_dags/plugins/workday.py                                            205  3.48s             0           0  16.63s          2026-09-25T17:28:23
/home/airflow/.local/lib/python3.12/site-packages/airflow/example_dags/example_dag_decorator.py                                                             1           0  2.54s           2026-09-25T17:28:55
/home/airflow/.local/lib/python3.12/site-packages/airflow/example_dags/example_params_trigger_ui.py                                                         1           0  1.31s           2026-09-25T17:28:27
/home/airflow/.local/lib/python3.12/site-packages/airflow/example_dags/example_nested_branch_dag.py                                                         1           0  1.23s           2026-09-25T17:28:27
/home/airflow/.local/lib/python3.12/site-packages/airflow/example_dags/example_task_group_decorator.py                                                      1           0  1.17s           2026-09-25T17:28:34
/home/airflow/.local/lib/python3.12/site-packages/airflow/example_dags/example_datasets.py                                                                 10           0  1.16s           2026-09-25T17:28:56
/home/airflow/.local/lib/python3.12/site-packages/airflow/example_dags/example_params_ui_tutorial.py                                                        1           0  0.93s           2026-09-25T17:28:28
/home/airflow/.local/lib/python3.12/site-packages/airflow/example_dags/example_passing_params_via_test_command.py                                           1           0  0.89s           2026-09-25T17:28:28
/home/airflow/.local/lib/python3.12/site-packages/airflow/example_dags/example_subdag_operator.py                                                           3           0  0.82s           2026-09-25T17:28:32
/home/airflow/.local/lib/python3.12/site-packages/airflow/example_dags/tutorial_taskflow_api.py                                                             1           0  0.80s           2026-09-25T17:28:37
/home/airflow/.local/lib/python3.12/site-packages/airflow/example_dags/example_sla_dag.py                                                                   1           0  0.79s           2026-09-25T17:28:32
/home/airflow/.local/lib/python3.12/site-packages/airflow/example_dags/example_time_delta_sensor_async.py                                                   1           0  0.72s           2026-09-25T17:28:34
/home/airflow/.local/lib/python3.12/site-packages/airflow/example_dags/example_local_kubernetes_executor.py                                                 1           0  0.71s           2026-09-25T17:28:26
/home/airflow/.local/lib/python3.12/site-packages/airflow/example_dags/example_python_decorator.py                                                          1           0  0.70s           2026-09-25T17:28:29
/home/airflow/.local/lib/python3.12/site-packages/airflow/example_dags/example_latest_only_with_trigger.py                                                  1           0  0.70s           2026-09-25T17:28:26
/home/airflow/.local/lib/python3.12/site-packages/airflow/example_dags/example_branch_operator_decorator.py                                                 1           0  0.70s           2026-09-25T17:28:45
/home/airflow/.local/lib/python3.12/site-packages/airflow/example_dags/example_xcom.py                                                                      1           0  0.70s           2026-09-25T17:28:35
/home/airflow/.local/lib/python3.12/site-packages/airflow/example_dags/example_short_circuit_operator.py                                                    1           0  0.66s           2026-09-25T17:28:32
/home/airflow/.local/lib/python3.12/site-packages/airflow/example_dags/example_complex.py                                                                   1           0  0.62s           2026-09-25T17:28:48
/home/airflow/.local/lib/python3.12/site-packages/airflow/example_dags/example_branch_datetime_operator.py                                                  3           0  0.61s           2026-09-25T17:28:40
/home/airflow/.local/lib/python3.12/site-packages/airflow/example_dags/example_task_group.py                                                                1           0  0.61s           2026-09-25T17:28:33
/home/airflow/.local/lib/python3.12/site-packages/airflow/example_dags/example_trigger_target_dag.py                                                        1           0  0.60s           2026-09-25T17:28:35
/home/airflow/.local/lib/python3.12/site-packages/airflow/example_dags/example_kubernetes_executor.py                                                       1           0  0.57s           2026-09-25T17:28:25
/home/airflow/.local/lib/python3.12/site-packages/airflow/example_dags/example_python_operator.py                                                           1           0  0.56s           2026-09-25T17:28:29
/home/airflow/.local/lib/python3.12/site-packages/airflow/example_dags/example_skip_dag.py                                                                  1           0  0.56s           2026-09-25T17:28:31
/home/airflow/.local/lib/python3.12/site-packages/airflow/example_dags/example_sensors.py                                                                   1           0  0.56s           2026-09-25T17:28:30
/home/airflow/.local/lib/python3.12/site-packages/airflow/example_dags/example_latest_only.py                                                               1           0  0.55s           2026-09-25T17:28:25
/home/airflow/.local/lib/python3.12/site-packages/airflow/example_dags/example_sensor_decorator.py                                                          1           0  0.55s           2026-09-25T17:28:29
/home/airflow/.local/lib/python3.12/site-packages/airflow/example_dags/example_bash_operator.py                                                             1           0  0.53s           2026-09-25T17:28:40
/home/airflow/.local/lib/python3.12/site-packages/airflow/example_dags/tutorial_objectstorage.py                                                            1           0  0.52s           2026-09-25T17:28:36
/home/airflow/.local/lib/python3.12/site-packages/airflow/example_dags/example_branch_operator.py                                                           1           0  0.51s           2026-09-25T17:28:42
/home/airflow/.local/lib/python3.12/site-packages/airflow/example_dags/example_external_task_marker_dag.py                                                  2           0  0.47s           2026-09-25T17:28:25
/home/airflow/.local/lib/python3.12/site-packages/airflow/example_dags/example_short_circuit_decorator.py                                                   1           0  0.47s           2026-09-25T17:28:31
/home/airflow/.local/lib/python3.12/site-packages/airflow/example_dags/example_setup_teardown.py                                                            1           0  0.46s           2026-09-25T17:28:30
/home/airflow/.local/lib/python3.12/site-packages/airflow/example_dags/example_xcomargs.py                                                                  2           0  0.45s           2026-09-25T17:28:35
/home/airflow/.local/lib/python3.12/site-packages/airflow/example_dags/example_bash_decorator.py                                                            1           0  0.44s           2026-09-25T17:28:39
/home/airflow/.local/lib/python3.12/site-packages/airflow/example_dags/example_setup_teardown_taskflow.py                                                   1           0  0.43s           2026-09-25T17:28:31
/home/airflow/.local/lib/python3.12/site-packages/airflow/example_dags/tutorial_dag.py                                                                      1           0  0.43s           2026-09-25T17:28:36
/home/airflow/.local/lib/python3.12/site-packages/airflow/example_dags/tutorial_taskflow_api_virtualenv.py                                                  1           0  0.43s           2026-09-25T17:28:38
/home/airflow/.local/lib/python3.12/site-packages/airflow/example_dags/example_branch_python_dop_operator_3.py                                              1           0  0.40s           2026-09-25T17:28:46
/home/airflow/.local/lib/python3.12/site-packages/airflow/example_dags/example_dynamic_task_mapping.py                                                      1           0  0.37s           2026-09-25T17:28:57
/home/airflow/.local/lib/python3.12/site-packages/airflow/example_dags/example_trigger_controller_dag.py                                                    1           0  0.36s           2026-09-25T17:28:34
/home/airflow/.local/lib/python3.12/site-packages/airflow/example_dags/tutorial.py                                                                          1           0  0.36s           2026-09-25T17:28:35
/home/airflow/.local/lib/python3.12/site-packages/airflow/example_dags/example_dynamic_task_mapping_with_no_taskflow_operators.py    210  0.02s             1           0  0.35s           2026-09-25T17:28:24
/home/airflow/.local/lib/python3.12/site-packages/airflow/example_dags/plugins/listener_plugin.py                                                           0           0  0.34s           2026-09-25T17:28:38
/home/airflow/.local/lib/python3.12/site-packages/airflow/example_dags/example_branch_labels.py                                                             1           0  0.33s           2026-09-25T17:28:41
/home/airflow/.local/lib/python3.12/site-packages/airflow/example_dags/example_branch_day_of_week_operator.py                                               1           0  0.32s           2026-09-25T17:28:41
/home/airflow/.local/lib/python3.12/site-packages/airflow/example_dags/example_display_name.py                                                              1           0  0.30s           2026-09-25T17:28:57
/home/airflow/.local/lib/python3.12/site-packages/airflow/example_dags/subdags/subdag.py                                                                    0           0  0.23s           2026-09-25T17:28:38
/home/airflow/.local/lib/python3.12/site-packages/airflow/example_dags/plugins/decreasing_priority_weight_strategy.py                                       0           0  0.20s           2026-09-25T17:28:36
/home/airflow/.local/lib/python3.12/site-packages/airflow/example_dags/plugins/event_listener.py                                                            0           0  0.19s           2026-09-25T17:28:37
================================================================================
[2026-09-25T17:29:28.479+0000] {manager.py:878} INFO - 
================================================================================
DAG File Processing Stats

File Path                                                                                                                            PID  Runtime      # DAGs    # Errors  Last Runtime    Last Run
---------------------------------------------------------------------------------------------------------------------------------  -----  ---------  --------  ----------  --------------  -------------------
/home/airflow/.local/lib/python3.12/site-packages/airflow/example_dags/plugins/workday.py                                                                   0           0  4.03s           2026-09-25T17:28:58
/home/airflow/.local/lib/python3.12/site-packages/airflow/example_dags/example_dag_decorator.py                                      262  2.16s             1           0  2.54s           2026-09-25T17:28:55
/home/airflow/.local/lib/python3.12/site-packages/airflow/example_dags/example_datasets.py                                           263  1.06s            10           0  1.16s           2026-09-25T17:28:56
/home/airflow/.local/lib/python3.12/site-packages/airflow/example_dags/example_branch_datetime_operator.py                                                  3           0  0.66s           2026-09-25T17:29:11
/home/airflow/.local/lib/python3.12/site-packages/airflow/example_dags/example_params_ui_tutorial.py                                                        1           0  0.49s           2026-09-25T17:29:00
/home/airflow/.local/lib/python3.12/site-packages/airflow/example_dags/example_xcom.py                                                                      1           0  0.48s           2026-09-25T17:29:06
/home/airflow/.local/lib/python3.12/site-packages/airflow/example_dags/example_python_decorator.py                                                          1           0  0.47s           2026-09-25T17:29:00
/home/airflow/.local/lib/python3.12/site-packages/airflow/example_dags/example_bash_operator.py                                                             1           0  0.46s           2026-09-25T17:29:11
/home/airflow/.local/lib/python3.12/site-packages/airflow/example_dags/example_short_circuit_decorator.py                                                   1           0  0.45s           2026-09-25T17:29:01
/home/airflow/.local/lib/python3.12/site-packages/airflow/example_dags/example_task_group_decorator.py                                                      1           0  0.44s           2026-09-25T17:29:05
/home/airflow/.local/lib/python3.12/site-packages/airflow/example_dags/example_xcomargs.py                                                                  2           0  0.44s           2026-09-25T17:29:06
/home/airflow/.local/lib/python3.12/site-packages/airflow/example_dags/example_trigger_controller_dag.py                                                    1           0  0.44s           2026-09-25T17:29:05
/home/airflow/.local/lib/python3.12/site-packages/airflow/example_dags/example_params_trigger_ui.py                                                         1           0  0.43s           2026-09-25T17:28:59
/home/airflow/.local/lib/python3.12/site-packages/airflow/example_dags/example_setup_teardown_taskflow.py                                                   1           0  0.42s           2026-09-25T17:29:01
/home/airflow/.local/lib/python3.12/site-packages/airflow/example_dags/example_kubernetes_executor.py                                                       1           0  0.42s           2026-09-25T17:28:58
/home/airflow/.local/lib/python3.12/site-packages/airflow/example_dags/example_trigger_target_dag.py                                                        1           0  0.40s           2026-09-25T17:29:05
/home/airflow/.local/lib/python3.12/site-packages/airflow/example_dags/example_branch_day_of_week_operator.py                                               1           0  0.40s           2026-09-25T17:29:11
/home/airflow/.local/lib/python3.12/site-packages/airflow/example_dags/example_subdag_operator.py                                                           3           0  0.40s           2026-09-25T17:29:03
/home/airflow/.local/lib/python3.12/site-packages/airflow/example_dags/example_setup_teardown.py                                                            1           0  0.40s           2026-09-25T17:29:01
/home/airflow/.local/lib/python3.12/site-packages/airflow/example_dags/example_branch_operator.py                                                           1           0  0.40s           2026-09-25T17:29:13
/home/airflow/.local/lib/python3.12/site-packages/airflow/example_dags/example_branch_labels.py                                                             1           0  0.39s           2026-09-25T17:29:12
/home/airflow/.local/lib/python3.12/site-packages/airflow/example_dags/example_python_operator.py                                                           1           0  0.38s           2026-09-25T17:29:00
/home/airflow/.local/lib/python3.12/site-packages/airflow/example_dags/tutorial_taskflow_api.py                                                             1           0  0.38s           2026-09-25T17:29:07
/home/airflow/.local/lib/python3.12/site-packages/airflow/example_dags/example_skip_dag.py                                                                  1           0  0.38s           2026-09-25T17:29:03
/home/airflow/.local/lib/python3.12/site-packages/airflow/example_dags/example_short_circuit_operator.py                                                    1           0  0.37s           2026-09-25T17:29:03
/home/airflow/.local/lib/python3.12/site-packages/airflow/example_dags/example_dynamic_task_mapping.py                                                      1           0  0.37s           2026-09-25T17:28:57
/home/airflow/.local/lib/python3.12/site-packages/airflow/example_dags/example_nested_branch_dag.py                                                         1           0  0.36s           2026-09-25T17:28:59
/home/airflow/.local/lib/python3.12/site-packages/airflow/example_dags/example_latest_only.py                                                               1           0  0.36s           2026-09-25T17:28:58
/home/airflow/.local/lib/python3.12/site-packages/airflow/example_dags/example_task_group.py                                                                1           0  0.36s           2026-09-25T17:29:03
/home/airflow/.local/lib/python3.12/site-packages/airflow/example_dags/example_branch_operator_decorator.py                                                 1           0  0.36s           2026-09-25T17:29:16
/home/airflow/.local/lib/python3.12/site-packages/airflow/example_dags/example_time_delta_sensor_async.py                                                   1           0  0.34s           2026-09-25T17:29:05
/home/airflow/.local/lib/python3.12/site-packages/airflow/example_dags/example_dynamic_task_mapping_with_no_taskflow_operators.py                           1           0  0.34s           2026-09-25T17:28:57
/home/airflow/.local/lib/python3.12/site-packages/airflow/example_dags/example_passing_params_via_test_command.py                                           1           0  0.34s           2026-09-25T17:28:59
/home/airflow/.local/lib/python3.12/site-packages/airflow/example_dags/example_sla_dag.py                                                                   1           0  0.33s           2026-09-25T17:29:03
/home/airflow/.local/lib/python3.12/site-packages/airflow/example_dags/example_external_task_marker_dag.py                                                  2           0  0.32s           2026-09-25T17:28:58
/home/airflow/.local/lib/python3.12/site-packages/airflow/example_dags/example_branch_python_dop_operator_3.py                                              1           0  0.31s           2026-09-25T17:29:17
/home/airflow/.local/lib/python3.12/site-packages/airflow/example_dags/example_complex.py                                                                   1           0  0.30s           2026-09-25T17:29:18
/home/airflow/.local/lib/python3.12/site-packages/airflow/example_dags/example_display_name.py                                                              1           0  0.30s           2026-09-25T17:28:57
/home/airflow/.local/lib/python3.12/site-packages/airflow/example_dags/example_bash_decorator.py                                                            1           0  0.29s           2026-09-25T17:29:10
/home/airflow/.local/lib/python3.12/site-packages/airflow/example_dags/example_local_kubernetes_executor.py                                                 1           0  0.28s           2026-09-25T17:28:59
/home/airflow/.local/lib/python3.12/site-packages/airflow/example_dags/tutorial.py                                                                          1           0  0.27s           2026-09-25T17:29:06
/home/airflow/.local/lib/python3.12/site-packages/airflow/example_dags/example_sensors.py                                                                   1           0  0.27s           2026-09-25T17:29:00
/home/airflow/.local/lib/python3.12/site-packages/airflow/example_dags/example_latest_only_with_trigger.py                                                  1           0  0.27s           2026-09-25T17:28:58
/home/airflow/.local/lib/python3.12/site-packages/airflow/example_dags/tutorial_taskflow_api_virtualenv.py                                                  1           0  0.27s           2026-09-25T17:29:08
/home/airflow/.local/lib/python3.12/site-packages/airflow/example_dags/tutorial_dag.py                                                                      1           0  0.27s           2026-09-25T17:29:06
/home/airflow/.local/lib/python3.12/site-packages/airflow/example_dags/tutorial_objectstorage.py                                                            1           0  0.24s           2026-09-25T17:29:07
/home/airflow/.local/lib/python3.12/site-packages/airflow/example_dags/example_sensor_decorator.py                                                          1           0  0.24s           2026-09-25T17:29:00
/home/airflow/.local/lib/python3.12/site-packages/airflow/example_dags/plugins/decreasing_priority_weight_strategy.py                                       0           0  0.15s           2026-09-25T17:29:07
/home/airflow/.local/lib/python3.12/site-packages/airflow/example_dags/plugins/listener_plugin.py                                                           0           0  0.13s           2026-09-25T17:29:08
/home/airflow/.local/lib/python3.12/site-packages/airflow/example_dags/plugins/event_listener.py                                                            0           0  0.13s           2026-09-25T17:29:07
/home/airflow/.local/lib/python3.12/site-packages/airflow/example_dags/subdags/subdag.py                                                                    0           0  0.11s           2026-09-25T17:29:08
================================================================================
[2026-09-25T17:29:58.547+0000] {manager.py:878} INFO - 
================================================================================
DAG File Processing Stats

File Path                                                                                                                          PID    Runtime      # DAGs    # Errors  Last Runtime    Last Run
---------------------------------------------------------------------------------------------------------------------------------  -----  ---------  --------  ----------  --------------  -------------------
/home/airflow/.local/lib/python3.12/site-packages/airflow/example_dags/plugins/workday.py                                                                   0           0  5.98s           2026-09-25T17:29:38
/home/airflow/.local/lib/python3.12/site-packages/airflow/example_dags/example_dag_decorator.py                                                             1           0  3.85s           2026-09-25T17:29:29
/home/airflow/.local/lib/python3.12/site-packages/airflow/example_dags/example_datasets.py                                                                 10           0  2.02s           2026-09-25T17:29:28
/home/airflow/.local/lib/python3.12/site-packages/airflow/example_dags/example_params_ui_tutorial.py                                                        1           0  1.87s           2026-09-25T17:29:36
/home/airflow/.local/lib/python3.12/site-packages/airflow/example_dags/example_passing_params_via_test_command.py                                           1           0  1.35s           2026-09-25T17:29:38
/home/airflow/.local/lib/python3.12/site-packages/airflow/example_dags/example_params_trigger_ui.py                                                         1           0  1.21s           2026-09-25T17:29:34
/home/airflow/.local/lib/python3.12/site-packages/airflow/example_dags/example_python_decorator.py                                                          1           0  1.17s           2026-09-25T17:29:39
/home/airflow/.local/lib/python3.12/site-packages/airflow/example_dags/example_latest_only.py                                                               1           0  1.09s           2026-09-25T17:29:31
/home/airflow/.local/lib/python3.12/site-packages/airflow/example_dags/example_sensors.py                                                                   1           0  0.98s           2026-09-25T17:29:40
/home/airflow/.local/lib/python3.12/site-packages/airflow/example_dags/example_setup_teardown.py                                                            1           0  0.90s           2026-09-25T17:29:40
/home/airflow/.local/lib/python3.12/site-packages/airflow/example_dags/example_kubernetes_executor.py                                                       1           0  0.79s           2026-09-25T17:29:31
/home/airflow/.local/lib/python3.12/site-packages/airflow/example_dags/example_dynamic_task_mapping_with_no_taskflow_operators.py                           1           0  0.75s           2026-09-25T17:29:30
/home/airflow/.local/lib/python3.12/site-packages/airflow/example_dags/example_branch_labels.py                                                             1           0  0.73s           2026-09-25T17:29:46
/home/airflow/.local/lib/python3.12/site-packages/airflow/example_dags/example_branch_operator.py                                                           1           0  0.69s           2026-09-25T17:29:46
/home/airflow/.local/lib/python3.12/site-packages/airflow/example_dags/example_nested_branch_dag.py                                                         1           0  0.68s           2026-09-25T17:29:33
/home/airflow/.local/lib/python3.12/site-packages/airflow/example_dags/example_sensor_decorator.py                                                          1           0  0.62s           2026-09-25T17:29:39
/home/airflow/.local/lib/python3.12/site-packages/airflow/example_dags/example_external_task_marker_dag.py                                                  2           0  0.62s           2026-09-25T17:29:30
/home/airflow/.local/lib/python3.12/site-packages/airflow/example_dags/example_setup_teardown_taskflow.py                                                   1           0  0.56s           2026-09-25T17:29:41
/home/airflow/.local/lib/python3.12/site-packages/airflow/example_dags/example_python_operator.py                                                           1           0  0.55s           2026-09-25T17:29:39
/home/airflow/.local/lib/python3.12/site-packages/airflow/example_dags/example_display_name.py                                                              1           0  0.51s           2026-09-25T17:29:29
/home/airflow/.local/lib/python3.12/site-packages/airflow/example_dags/example_branch_operator_decorator.py                                                 1           0  0.51s           2026-09-25T17:29:47
/home/airflow/.local/lib/python3.12/site-packages/airflow/example_dags/example_xcomargs.py                                                                  2           0  0.49s           2026-09-25T17:29:43
/home/airflow/.local/lib/python3.12/site-packages/airflow/example_dags/example_subdag_operator.py                                                           3           0  0.47s           2026-09-25T17:29:42
/home/airflow/.local/lib/python3.12/site-packages/airflow/example_dags/example_branch_datetime_operator.py                                                  3           0  0.47s           2026-09-25T17:29:45
/home/airflow/.local/lib/python3.12/site-packages/airflow/example_dags/example_latest_only_with_trigger.py                                                  1           0  0.47s           2026-09-25T17:29:31
/home/airflow/.local/lib/python3.12/site-packages/airflow/example_dags/example_branch_python_dop_operator_3.py                                              1           0  0.46s           2026-09-25T17:29:48
/home/airflow/.local/lib/python3.12/site-packages/airflow/example_dags/example_dynamic_task_mapping.py                                                      1           0  0.45s           2026-09-25T17:29:29
/home/airflow/.local/lib/python3.12/site-packages/airflow/example_dags/tutorial_objectstorage.py                                                            1           0  0.42s           2026-09-25T17:29:44
/home/airflow/.local/lib/python3.12/site-packages/airflow/example_dags/example_sla_dag.py                                                                   1           0  0.41s           2026-09-25T17:29:42
/home/airflow/.local/lib/python3.12/site-packages/airflow/example_dags/example_trigger_controller_dag.py                                                    1           0  0.41s           2026-09-25T17:29:43
/home/airflow/.local/lib/python3.12/site-packages/airflow/example_dags/tutorial.py                                                                          1           0  0.40s           2026-09-25T17:29:43
/home/airflow/.local/lib/python3.12/site-packages/airflow/example_dags/example_short_circuit_decorator.py                                                   1           0  0.39s           2026-09-25T17:29:41
/home/airflow/.local/lib/python3.12/site-packages/airflow/example_dags/example_task_group_decorator.py                                                      1           0  0.39s           2026-09-25T17:29:42
/home/airflow/.local/lib/python3.12/site-packages/airflow/example_dags/tutorial_taskflow_api.py                                                             1           0  0.38s           2026-09-25T17:29:44
/home/airflow/.local/lib/python3.12/site-packages/airflow/example_dags/example_xcom.py                                                                      1           0  0.38s           2026-09-25T17:29:43
/home/airflow/.local/lib/python3.12/site-packages/airflow/example_dags/example_skip_dag.py                                                                  1           0  0.38s           2026-09-25T17:29:41
/home/airflow/.local/lib/python3.12/site-packages/airflow/example_dags/example_local_kubernetes_executor.py                                                 1           0  0.38s           2026-09-25T17:29:32
/home/airflow/.local/lib/python3.12/site-packages/airflow/example_dags/tutorial_taskflow_api_virtualenv.py                                                  1           0  0.37s           2026-09-25T17:29:44
/home/airflow/.local/lib/python3.12/site-packages/airflow/example_dags/example_bash_operator.py                                                             1           0  0.37s           2026-09-25T17:29:45
/home/airflow/.local/lib/python3.12/site-packages/airflow/example_dags/example_short_circuit_operator.py                                                    1           0  0.36s           2026-09-25T17:29:41
/home/airflow/.local/lib/python3.12/site-packages/airflow/example_dags/example_branch_day_of_week_operator.py                                               1           0  0.36s           2026-09-25T17:29:45
/home/airflow/.local/lib/python3.12/site-packages/airflow/example_dags/example_complex.py                                                                   1           0  0.35s           2026-09-25T17:29:49
/home/airflow/.local/lib/python3.12/site-packages/airflow/example_dags/example_task_group.py                                                                1           0  0.35s           2026-09-25T17:29:42
/home/airflow/.local/lib/python3.12/site-packages/airflow/example_dags/example_bash_decorator.py                                                            1           0  0.34s           2026-09-25T17:29:41
/home/airflow/.local/lib/python3.12/site-packages/airflow/example_dags/tutorial_dag.py                                                                      1           0  0.32s           2026-09-25T17:29:43
/home/airflow/.local/lib/python3.12/site-packages/airflow/example_dags/example_trigger_target_dag.py                                                        1           0  0.29s           2026-09-25T17:29:43
/home/airflow/.local/lib/python3.12/site-packages/airflow/example_dags/example_time_delta_sensor_async.py                                                   1           0  0.29s           2026-09-25T17:29:42
/home/airflow/.local/lib/python3.12/site-packages/airflow/example_dags/plugins/decreasing_priority_weight_strategy.py                                       0           0  0.25s           2026-09-25T17:29:44
/home/airflow/.local/lib/python3.12/site-packages/airflow/example_dags/plugins/listener_plugin.py                                                           0           0  0.19s           2026-09-25T17:29:45
/home/airflow/.local/lib/python3.12/site-packages/airflow/example_dags/subdags/subdag.py                                                                    0           0  0.14s           2026-09-25T17:29:45
/home/airflow/.local/lib/python3.12/site-packages/airflow/example_dags/plugins/event_listener.py                                                            0           0  0.12s           2026-09-25T17:29:44
================================================================================
[2026-09-25T17:30:29.197+0000] {manager.py:878} INFO - 
================================================================================
DAG File Processing Stats

File Path                                                                                                                          PID    Runtime      # DAGs    # Errors  Last Runtime    Last Run
---------------------------------------------------------------------------------------------------------------------------------  -----  ---------  --------  ----------  --------------  -------------------
/home/airflow/.local/lib/python3.12/site-packages/airflow/example_dags/plugins/workday.py                                                                   0           0  2.25s           2026-09-25T17:30:10
/home/airflow/.local/lib/python3.12/site-packages/airflow/example_dags/example_dag_decorator.py                                                             1           0  1.16s           2026-09-25T17:30:01
/home/airflow/.local/lib/python3.12/site-packages/airflow/example_dags/example_xcom.py                                                                      1           0  1.07s           2026-09-25T17:30:17
/home/airflow/.local/lib/python3.12/site-packages/airflow/example_dags/example_subdag_operator.py                                                           3           0  1.01s           2026-09-25T17:30:15
/home/airflow/.local/lib/python3.12/site-packages/airflow/example_dags/tutorial.py                                                                          1           0  0.89s           2026-09-25T17:30:18
/home/airflow/.local/lib/python3.12/site-packages/airflow/example_dags/example_trigger_target_dag.py                                                        1           0  0.86s           2026-09-25T17:30:16
/home/airflow/.local/lib/python3.12/site-packages/airflow/example_dags/example_datasets.py                                                                 10           0  0.85s           2026-09-25T17:30:00
/home/airflow/.local/lib/python3.12/site-packages/airflow/example_dags/example_branch_day_of_week_operator.py                                               1           0  0.83s           2026-09-25T17:30:19
/home/airflow/.local/lib/python3.12/site-packages/airflow/example_dags/example_task_group_decorator.py                                                      1           0  0.81s           2026-09-25T17:30:15
/home/airflow/.local/lib/python3.12/site-packages/airflow/example_dags/example_python_decorator.py                                                          1           0  0.79s           2026-09-25T17:30:10
/home/airflow/.local/lib/python3.12/site-packages/airflow/example_dags/example_bash_decorator.py                                                            1           0  0.77s           2026-09-25T17:30:13
/home/airflow/.local/lib/python3.12/site-packages/airflow/example_dags/example_branch_operator.py                                                           1           0  0.75s           2026-09-25T17:30:20
/home/airflow/.local/lib/python3.12/site-packages/airflow/example_dags/example_short_circuit_decorator.py                                                   1           0  0.73s           2026-09-25T17:30:12
/home/airflow/.local/lib/python3.12/site-packages/airflow/example_dags/example_setup_teardown.py                                                            1           0  0.69s           2026-09-25T17:30:12
/home/airflow/.local/lib/python3.12/site-packages/airflow/example_dags/example_branch_operator_decorator.py                                                 1           0  0.67s           2026-09-25T17:30:20
/home/airflow/.local/lib/python3.12/site-packages/airflow/example_dags/example_short_circuit_operator.py                                                    1           0  0.65s           2026-09-25T17:30:13
/home/airflow/.local/lib/python3.12/site-packages/airflow/example_dags/example_task_group.py                                                                1           0  0.64s           2026-09-25T17:30:14
/home/airflow/.local/lib/python3.12/site-packages/airflow/example_dags/example_trigger_controller_dag.py                                                    1           0  0.64s           2026-09-25T17:30:16
/home/airflow/.local/lib/python3.12/site-packages/airflow/example_dags/example_branch_labels.py                                                             1           0  0.64s           2026-09-25T17:30:19
/home/airflow/.local/lib/python3.12/site-packages/airflow/example_dags/example_branch_datetime_operator.py                                                  3           0  0.63s           2026-09-25T17:30:19
/home/airflow/.local/lib/python3.12/site-packages/airflow/example_dags/example_passing_params_via_test_command.py                                           1           0  0.62s           2026-09-25T17:30:09
/home/airflow/.local/lib/python3.12/site-packages/airflow/example_dags/tutorial_dag.py                                                                      1           0  0.61s           2026-09-25T17:30:18
/home/airflow/.local/lib/python3.12/site-packages/airflow/example_dags/tutorial_taskflow_api_virtualenv.py                                                  1           0  0.61s           2026-09-25T17:30:21
/home/airflow/.local/lib/python3.12/site-packages/airflow/example_dags/example_time_delta_sensor_async.py                                                   1           0  0.58s           2026-09-25T17:30:15
/home/airflow/.local/lib/python3.12/site-packages/airflow/example_dags/example_skip_dag.py                                                                  1           0  0.57s           2026-09-25T17:30:13
/home/airflow/.local/lib/python3.12/site-packages/airflow/example_dags/example_params_trigger_ui.py                                                         1           0  0.56s           2026-09-25T17:30:05
/home/airflow/.local/lib/python3.12/site-packages/airflow/example_dags/example_params_ui_tutorial.py                                                        1           0  0.53s           2026-09-25T17:30:07
/home/airflow/.local/lib/python3.12/site-packages/airflow/example_dags/example_python_operator.py                                                           1           0  0.53s           2026-09-25T17:30:11
/home/airflow/.local/lib/python3.12/site-packages/airflow/example_dags/example_sensor_decorator.py                                                          1           0  0.53s           2026-09-25T17:30:11
/home/airflow/.local/lib/python3.12/site-packages/airflow/example_dags/example_xcomargs.py                                                                  2           0  0.51s           2026-09-25T17:30:17
/home/airflow/.local/lib/python3.12/site-packages/airflow/example_dags/example_setup_teardown_taskflow.py                                                   1           0  0.49s           2026-09-25T17:30:12
/home/airflow/.local/lib/python3.12/site-packages/airflow/example_dags/example_bash_operator.py                                                             1           0  0.47s           2026-09-25T17:30:18
/home/airflow/.local/lib/python3.12/site-packages/airflow/example_dags/example_sla_dag.py                                                                   1           0  0.46s           2026-09-25T17:30:14
/home/airflow/.local/lib/python3.12/site-packages/airflow/example_dags/example_display_name.py                                                              1           0  0.43s           2026-09-25T17:30:00
/home/airflow/.local/lib/python3.12/site-packages/airflow/example_dags/example_sensors.py                                                                   1           0  0.43s           2026-09-25T17:30:11
/home/airflow/.local/lib/python3.12/site-packages/airflow/example_dags/tutorial_taskflow_api.py                                                             1           0  0.41s           2026-09-25T17:30:20
/home/airflow/.local/lib/python3.12/site-packages/airflow/example_dags/example_local_kubernetes_executor.py                                                 1           0  0.40s           2026-09-25T17:30:02
/home/airflow/.local/lib/python3.12/site-packages/airflow/example_dags/example_latest_only.py                                                               1           0  0.40s           2026-09-25T17:30:02
/home/airflow/.local/lib/python3.12/site-packages/airflow/example_dags/example_complex.py                                                                   1           0  0.39s           2026-09-25T17:30:22
/home/airflow/.local/lib/python3.12/site-packages/airflow/example_dags/example_branch_python_dop_operator_3.py                                              1           0  0.37s           2026-09-25T17:30:22
/home/airflow/.local/lib/python3.12/site-packages/airflow/example_dags/example_dynamic_task_mapping_with_no_taskflow_operators.py                           1           0  0.34s           2026-09-25T17:30:01
/home/airflow/.local/lib/python3.12/site-packages/airflow/example_dags/example_latest_only_with_trigger.py                                                  1           0  0.34s           2026-09-25T17:30:02
/home/airflow/.local/lib/python3.12/site-packages/airflow/example_dags/example_dynamic_task_mapping.py                                                      1           0  0.34s           2026-09-25T17:30:00
/home/airflow/.local/lib/python3.12/site-packages/airflow/example_dags/example_nested_branch_dag.py                                                         1           0  0.30s           2026-09-25T17:30:03
/home/airflow/.local/lib/python3.12/site-packages/airflow/example_dags/example_kubernetes_executor.py                                                       1           0  0.30s           2026-09-25T17:30:01
/home/airflow/.local/lib/python3.12/site-packages/airflow/example_dags/tutorial_objectstorage.py                                                            1           0  0.29s           2026-09-25T17:30:20
/home/airflow/.local/lib/python3.12/site-packages/airflow/example_dags/example_external_task_marker_dag.py                                                  2           0  0.28s           2026-09-25T17:30:01
/home/airflow/.local/lib/python3.12/site-packages/airflow/example_dags/plugins/decreasing_priority_weight_strategy.py                                       0           0  0.19s           2026-09-25T17:30:21
/home/airflow/.local/lib/python3.12/site-packages/airflow/example_dags/plugins/event_listener.py                                                            0           0  0.16s           2026-09-25T17:30:21
/home/airflow/.local/lib/python3.12/site-packages/airflow/example_dags/plugins/listener_plugin.py                                                           0           0  0.14s           2026-09-25T17:30:21
/home/airflow/.local/lib/python3.12/site-packages/airflow/example_dags/subdags/subdag.py                                                                    0           0  0.11s           2026-09-25T17:30:21
================================================================================
[2026-09-25T17:31:00.207+0000] {manager.py:878} INFO - 
================================================================================
DAG File Processing Stats

File Path                                                                                                                          PID    Runtime      # DAGs    # Errors  Last Runtime    Last Run
---------------------------------------------------------------------------------------------------------------------------------  -----  ---------  --------  ----------  --------------  -------------------
/home/airflow/.local/lib/python3.12/site-packages/airflow/example_dags/example_sla_dag.py                                                                   1           0  1.64s           2026-09-25T17:30:46
/home/airflow/.local/lib/python3.12/site-packages/airflow/example_dags/plugins/workday.py                                                                   0           0  1.52s           2026-09-25T17:30:43
/home/airflow/.local/lib/python3.12/site-packages/airflow/example_dags/example_task_group.py                                                                1           0  1.49s           2026-09-25T17:30:46
/home/airflow/.local/lib/python3.12/site-packages/airflow/example_dags/example_subdag_operator.py                                                           3           0  0.96s           2026-09-25T17:30:47
/home/airflow/.local/lib/python3.12/site-packages/airflow/example_dags/example_xcom.py                                                                      1           0  0.84s           2026-09-25T17:30:49
/home/airflow/.local/lib/python3.12/site-packages/airflow/example_dags/example_branch_operator.py                                                           1           0  0.75s           2026-09-25T17:30:51
/home/airflow/.local/lib/python3.12/site-packages/airflow/example_dags/example_branch_operator_decorator.py                                                 1           0  0.74s           2026-09-25T17:30:52
/home/airflow/.local/lib/python3.12/site-packages/airflow/example_dags/example_task_group_decorator.py                                                      1           0  0.74s           2026-09-25T17:30:47
/home/airflow/.local/lib/python3.12/site-packages/airflow/example_dags/example_xcomargs.py                                                                  2           0  0.71s           2026-09-25T17:30:49
/home/airflow/.local/lib/python3.12/site-packages/airflow/example_dags/example_skip_dag.py                                                                  1           0  0.66s           2026-09-25T17:30:45
/home/airflow/.local/lib/python3.12/site-packages/airflow/example_dags/example_branch_datetime_operator.py                                                  3           0  0.65s           2026-09-25T17:30:50
/home/airflow/.local/lib/python3.12/site-packages/airflow/example_dags/example_branch_python_dop_operator_3.py                                              1           0  0.65s           2026-09-25T17:30:53
/home/airflow/.local/lib/python3.12/site-packages/airflow/example_dags/example_setup_teardown_taskflow.py                                                   1           0  0.64s           2026-09-25T17:30:43
/home/airflow/.local/lib/python3.12/site-packages/airflow/example_dags/tutorial_objectstorage.py                                                            1           0  0.61s           2026-09-25T17:30:52
/home/airflow/.local/lib/python3.12/site-packages/airflow/example_dags/example_dag_decorator.py                                                             1           0  0.61s           2026-09-25T17:30:32
/home/airflow/.local/lib/python3.12/site-packages/airflow/example_dags/example_short_circuit_operator.py                                                    1           0  0.58s           2026-09-25T17:30:44
/home/airflow/.local/lib/python3.12/site-packages/airflow/example_dags/example_short_circuit_decorator.py                                                   1           0  0.58s           2026-09-25T17:30:44
/home/airflow/.local/lib/python3.12/site-packages/airflow/example_dags/example_trigger_controller_dag.py                                                    1           0  0.56s           2026-09-25T17:30:48
/home/airflow/.local/lib/python3.12/site-packages/airflow/example_dags/example_branch_labels.py                                                             1           0  0.56s           2026-09-25T17:30:51
/home/airflow/.local/lib/python3.12/site-packages/airflow/example_dags/tutorial.py                                                                          1           0  0.56s           2026-09-25T17:30:50
/home/airflow/.local/lib/python3.12/site-packages/airflow/example_dags/example_setup_teardown.py                                                            1           0  0.56s           2026-09-25T17:30:43
/home/airflow/.local/lib/python3.12/site-packages/airflow/example_dags/example_bash_decorator.py                                                            1           0  0.55s           2026-09-25T17:30:44
/home/airflow/.local/lib/python3.12/site-packages/airflow/example_dags/example_complex.py                                                                   1           0  0.54s           2026-09-25T17:30:53
/home/airflow/.local/lib/python3.12/site-packages/airflow/example_dags/example_time_delta_sensor_async.py                                                   1           0  0.53s           2026-09-25T17:30:48
/home/airflow/.local/lib/python3.12/site-packages/airflow/example_dags/tutorial_taskflow_api.py                                                             1           0  0.53s           2026-09-25T17:30:52
/home/airflow/.local/lib/python3.12/site-packages/airflow/example_dags/example_branch_day_of_week_operator.py                                               1           0  0.51s           2026-09-25T17:30:50
/home/airflow/.local/lib/python3.12/site-packages/airflow/example_dags/example_bash_operator.py                                                             1           0  0.42s           2026-09-25T17:30:49
/home/airflow/.local/lib/python3.12/site-packages/airflow/example_dags/example_trigger_target_dag.py                                                        1           0  0.40s           2026-09-25T17:30:48
/home/airflow/.local/lib/python3.12/site-packages/airflow/example_dags/example_datasets.py                                                                 10           0  0.40s           2026-09-25T17:30:30
/home/airflow/.local/lib/python3.12/site-packages/airflow/example_dags/example_python_decorator.py                                                          1           0  0.38s           2026-09-25T17:30:41
/home/airflow/.local/lib/python3.12/site-packages/airflow/example_dags/tutorial_taskflow_api_virtualenv.py                                                  1           0  0.37s           2026-09-25T17:30:53
/home/airflow/.local/lib/python3.12/site-packages/airflow/example_dags/example_python_operator.py                                                           1           0  0.37s           2026-09-25T17:30:41
/home/airflow/.local/lib/python3.12/site-packages/airflow/example_dags/example_nested_branch_dag.py                                                         1           0  0.37s           2026-09-25T17:30:34
/home/airflow/.local/lib/python3.12/site-packages/airflow/example_dags/tutorial_dag.py                                                                      1           0  0.36s           2026-09-25T17:30:50
/home/airflow/.local/lib/python3.12/site-packages/airflow/example_dags/example_params_ui_tutorial.py                                                        1           0  0.34s           2026-09-25T17:30:38
/home/airflow/.local/lib/python3.12/site-packages/airflow/example_dags/example_passing_params_via_test_command.py                                           1           0  0.32s           2026-09-25T17:30:39
/home/airflow/.local/lib/python3.12/site-packages/airflow/example_dags/example_sensors.py                                                                   1           0  0.30s           2026-09-25T17:30:43
/home/airflow/.local/lib/python3.12/site-packages/airflow/example_dags/example_kubernetes_executor.py                                                       1           0  0.30s           2026-09-25T17:30:32
/home/airflow/.local/lib/python3.12/site-packages/airflow/example_dags/example_display_name.py                                                              1           0  0.29s           2026-09-25T17:30:30
/home/airflow/.local/lib/python3.12/site-packages/airflow/example_dags/example_sensor_decorator.py                                                          1           0  0.28s           2026-09-25T17:30:42
/home/airflow/.local/lib/python3.12/site-packages/airflow/example_dags/example_params_trigger_ui.py                                                         1           0  0.27s           2026-09-25T17:30:36
/home/airflow/.local/lib/python3.12/site-packages/airflow/example_dags/subdags/subdag.py                                                                    0           0  0.26s           2026-09-25T17:30:54
/home/airflow/.local/lib/python3.12/site-packages/airflow/example_dags/example_dynamic_task_mapping_with_no_taskflow_operators.py                           1           0  0.26s           2026-09-25T17:30:31
/home/airflow/.local/lib/python3.12/site-packages/airflow/example_dags/example_local_kubernetes_executor.py                                                 1           0  0.25s           2026-09-25T17:30:32
/home/airflow/.local/lib/python3.12/site-packages/airflow/example_dags/example_latest_only_with_trigger.py                                                  1           0  0.25s           2026-09-25T17:30:32
/home/airflow/.local/lib/python3.12/site-packages/airflow/example_dags/example_latest_only.py                                                               1           0  0.21s           2026-09-25T17:30:32
/home/airflow/.local/lib/python3.12/site-packages/airflow/example_dags/example_external_task_marker_dag.py                                                  2           0  0.21s           2026-09-25T17:30:32
/home/airflow/.local/lib/python3.12/site-packages/airflow/example_dags/plugins/listener_plugin.py                                                           0           0  0.21s           2026-09-25T17:30:54
/home/airflow/.local/lib/python3.12/site-packages/airflow/example_dags/example_dynamic_task_mapping.py                                                      1           0  0.20s           2026-09-25T17:30:31
/home/airflow/.local/lib/python3.12/site-packages/airflow/example_dags/plugins/event_listener.py                                                            0           0  0.20s           2026-09-25T17:30:52
/home/airflow/.local/lib/python3.12/site-packages/airflow/example_dags/plugins/decreasing_priority_weight_strategy.py                                       0           0  0.18s           2026-09-25T17:30:52
================================================================================
[2026-09-25T17:31:30.856+0000] {manager.py:878} INFO - 
================================================================================
DAG File Processing Stats

File Path                                                                                                                          PID    Runtime      # DAGs    # Errors  Last Runtime    Last Run
---------------------------------------------------------------------------------------------------------------------------------  -----  ---------  --------  ----------  --------------  -------------------
/home/airflow/.local/lib/python3.12/site-packages/airflow/example_dags/plugins/workday.py                                                                   0           0  1.86s           2026-09-25T17:31:15
/home/airflow/.local/lib/python3.12/site-packages/airflow/example_dags/example_dag_decorator.py                                                             1           0  1.27s           2026-09-25T17:31:03
/home/airflow/.local/lib/python3.12/site-packages/airflow/example_dags/example_display_name.py                                                              1           0  1.09s           2026-09-25T17:31:02
/home/airflow/.local/lib/python3.12/site-packages/airflow/example_dags/example_datasets.py                                                                 10           0  0.99s           2026-09-25T17:31:02
/home/airflow/.local/lib/python3.12/site-packages/airflow/example_dags/example_python_decorator.py                                                          1           0  0.58s           2026-09-25T17:31:12
/home/airflow/.local/lib/python3.12/site-packages/airflow/example_dags/example_branch_operator_decorator.py                                                 1           0  0.57s           2026-09-25T17:31:22
/home/airflow/.local/lib/python3.12/site-packages/airflow/example_dags/example_branch_datetime_operator.py                                                  3           0  0.49s           2026-09-25T17:31:20
/home/airflow/.local/lib/python3.12/site-packages/airflow/example_dags/example_bash_operator.py                                                             1           0  0.49s           2026-09-25T17:31:20
/home/airflow/.local/lib/python3.12/site-packages/airflow/example_dags/example_kubernetes_executor.py                                                       1           0  0.48s           2026-09-25T17:31:03
/home/airflow/.local/lib/python3.12/site-packages/airflow/example_dags/example_dynamic_task_mapping.py                                                      1           0  0.46s           2026-09-25T17:31:02
/home/airflow/.local/lib/python3.12/site-packages/airflow/example_dags/example_branch_operator.py                                                           1           0  0.46s           2026-09-25T17:31:22
/home/airflow/.local/lib/python3.12/site-packages/airflow/example_dags/example_latest_only_with_trigger.py                                                  1           0  0.44s           2026-09-25T17:31:04
/home/airflow/.local/lib/python3.12/site-packages/airflow/example_dags/example_params_ui_tutorial.py                                                        1           0  0.44s           2026-09-25T17:31:09
/home/airflow/.local/lib/python3.12/site-packages/airflow/example_dags/example_branch_day_of_week_operator.py                                               1           0  0.44s           2026-09-25T17:31:21
/home/airflow/.local/lib/python3.12/site-packages/airflow/example_dags/example_sla_dag.py                                                                   1           0  0.44s           2026-09-25T17:31:17
/home/airflow/.local/lib/python3.12/site-packages/airflow/example_dags/example_latest_only.py                                                               1           0  0.43s           2026-09-25T17:31:04
/home/airflow/.local/lib/python3.12/site-packages/airflow/example_dags/example_task_group.py                                                                1           0  0.43s           2026-09-25T17:31:17
/home/airflow/.local/lib/python3.12/site-packages/airflow/example_dags/example_passing_params_via_test_command.py                                           1           0  0.42s           2026-09-25T17:31:10
/home/airflow/.local/lib/python3.12/site-packages/airflow/example_dags/example_python_operator.py                                                           1           0  0.42s           2026-09-25T17:31:12
/home/airflow/.local/lib/python3.12/site-packages/airflow/example_dags/example_local_kubernetes_executor.py                                                 1           0  0.42s           2026-09-25T17:31:04
/home/airflow/.local/lib/python3.12/site-packages/airflow/example_dags/tutorial.py                                                                          1           0  0.39s           2026-09-25T17:31:21
/home/airflow/.local/lib/python3.12/site-packages/airflow/example_dags/example_subdag_operator.py                                                           3           0  0.38s           2026-09-25T17:31:18
/home/airflow/.local/lib/python3.12/site-packages/airflow/example_dags/example_xcom.py                                                                      1           0  0.38s           2026-09-25T17:31:20
/home/airflow/.local/lib/python3.12/site-packages/airflow/example_dags/example_branch_labels.py                                                             1           0  0.37s           2026-09-25T17:31:21
/home/airflow/.local/lib/python3.12/site-packages/airflow/example_dags/example_nested_branch_dag.py                                                         1           0  0.37s           2026-09-25T17:31:04
/home/airflow/.local/lib/python3.12/site-packages/airflow/example_dags/example_params_trigger_ui.py                                                         1           0  0.35s           2026-09-25T17:31:06
/home/airflow/.local/lib/python3.12/site-packages/airflow/example_dags/example_skip_dag.py                                                                  1           0  0.35s           2026-09-25T17:31:15
/home/airflow/.local/lib/python3.12/site-packages/airflow/example_dags/tutorial_dag.py                                                                      1           0  0.33s           2026-09-25T17:31:21
/home/airflow/.local/lib/python3.12/site-packages/airflow/example_dags/example_setup_teardown.py                                                            1           0  0.33s           2026-09-25T17:31:14
/home/airflow/.local/lib/python3.12/site-packages/airflow/example_dags/example_task_group_decorator.py                                                      1           0  0.33s           2026-09-25T17:31:18
/home/airflow/.local/lib/python3.12/site-packages/airflow/example_dags/example_xcomargs.py                                                                  2           0  0.32s           2026-09-25T17:31:20
/home/airflow/.local/lib/python3.12/site-packages/airflow/example_dags/example_sensors.py                                                                   1           0  0.32s           2026-09-25T17:31:13
/home/airflow/.local/lib/python3.12/site-packages/airflow/example_dags/example_sensor_decorator.py                                                          1           0  0.31s           2026-09-25T17:31:13
/home/airflow/.local/lib/python3.12/site-packages/airflow/example_dags/example_dynamic_task_mapping_with_no_taskflow_operators.py                           1           0  0.29s           2026-09-25T17:31:03
/home/airflow/.local/lib/python3.12/site-packages/airflow/example_dags/example_bash_decorator.py                                                            1           0  0.29s           2026-09-25T17:31:14
/home/airflow/.local/lib/python3.12/site-packages/airflow/example_dags/example_short_circuit_operator.py                                                    1           0  0.28s           2026-09-25T17:31:15
/home/airflow/.local/lib/python3.12/site-packages/airflow/example_dags/example_short_circuit_decorator.py                                                   1           0  0.28s           2026-09-25T17:31:15
/home/airflow/.local/lib/python3.12/site-packages/airflow/example_dags/example_setup_teardown_taskflow.py                                                   1           0  0.27s           2026-09-25T17:31:14
/home/airflow/.local/lib/python3.12/site-packages/airflow/example_dags/example_complex.py                                                                   1           0  0.25s           2026-09-25T17:31:24
/home/airflow/.local/lib/python3.12/site-packages/airflow/example_dags/example_branch_python_dop_operator_3.py                                              1           0  0.25s           2026-09-25T17:31:24
/home/airflow/.local/lib/python3.12/site-packages/airflow/example_dags/example_trigger_controller_dag.py                                                    1           0  0.23s           2026-09-25T17:31:18
/home/airflow/.local/lib/python3.12/site-packages/airflow/example_dags/example_external_task_marker_dag.py                                                  2           0  0.23s           2026-09-25T17:31:03
/home/airflow/.local/lib/python3.12/site-packages/airflow/example_dags/example_trigger_target_dag.py                                                        1           0  0.23s           2026-09-25T17:31:19
/home/airflow/.local/lib/python3.12/site-packages/airflow/example_dags/tutorial_taskflow_api.py                                                             1           0  0.23s           2026-09-25T17:31:23
/home/airflow/.local/lib/python3.12/site-packages/airflow/example_dags/tutorial_taskflow_api_virtualenv.py                                                  1           0  0.22s           2026-09-25T17:31:24
/home/airflow/.local/lib/python3.12/site-packages/airflow/example_dags/example_time_delta_sensor_async.py                                                   1           0  0.21s           2026-09-25T17:31:18
/home/airflow/.local/lib/python3.12/site-packages/airflow/example_dags/tutorial_objectstorage.py                                                            1           0  0.20s           2026-09-25T17:31:23
/home/airflow/.local/lib/python3.12/site-packages/airflow/example_dags/plugins/decreasing_priority_weight_strategy.py                                       0           0  0.10s           2026-09-25T17:31:23
/home/airflow/.local/lib/python3.12/site-packages/airflow/example_dags/subdags/subdag.py                                                                    0           0  0.09s           2026-09-25T17:31:24
/home/airflow/.local/lib/python3.12/site-packages/airflow/example_dags/plugins/event_listener.py                                                            0           0  0.08s           2026-09-25T17:31:23
/home/airflow/.local/lib/python3.12/site-packages/airflow/example_dags/plugins/listener_plugin.py                                                           0           0  0.08s           2026-09-25T17:31:24
================================================================================
[2026-09-25T17:31:40.272+0000] {manager.py:452} INFO - Exiting gracefully upon receiving signal 15
[2026-09-26T05:37:13.344+0000] {manager.py:470} INFO - Processing files using up to 2 processes at a time 
[2026-09-26T05:37:13.349+0000] {manager.py:471} INFO - Process each file at most once every 30 seconds
[2026-09-26T05:37:13.356+0000] {manager.py:472} INFO - Checking for new files in /opt/airflow/dags every 300 seconds
[2026-09-26T05:37:13.361+0000] {manager.py:737} INFO - Searching for files in /opt/airflow/dags
[2026-09-26T05:37:13.375+0000] {manager.py:740} INFO - There are 0 files in /opt/airflow/dags
[2026-09-26T05:42:14.198+0000] {manager.py:737} INFO - Searching for files in /opt/airflow/dags
[2026-09-26T05:42:14.232+0000] {manager.py:740} INFO - There are 0 files in /opt/airflow/dags
[2026-09-26T05:47:14.319+0000] {manager.py:737} INFO - Searching for files in /opt/airflow/dags
[2026-09-26T05:47:14.321+0000] {manager.py:740} INFO - There are 0 files in /opt/airflow/dags
[2026-09-26T05:52:14.515+0000] {manager.py:737} INFO - Searching for files in /opt/airflow/dags
[2026-09-26T05:52:14.522+0000] {manager.py:740} INFO - There are 0 files in /opt/airflow/dags
[2026-09-26T05:57:15.507+0000] {manager.py:737} INFO - Searching for files in /opt/airflow/dags
[2026-09-26T05:57:15.513+0000] {manager.py:740} INFO - There are 0 files in /opt/airflow/dags
[2026-09-26T06:02:16.501+0000] {manager.py:737} INFO - Searching for files in /opt/airflow/dags
[2026-09-26T06:02:16.507+0000] {manager.py:740} INFO - There are 0 files in /opt/airflow/dags
[2026-09-26T06:07:17.479+0000] {manager.py:737} INFO - Searching for files in /opt/airflow/dags
[2026-09-26T06:07:17.486+0000] {manager.py:740} INFO - There are 0 files in /opt/airflow/dags
[2026-09-26T06:12:18.363+0000] {manager.py:737} INFO - Searching for files in /opt/airflow/dags
[2026-09-26T06:12:18.363+0000] {manager.py:740} INFO - There are 0 files in /opt/airflow/dags
[2026-09-26T06:17:19.207+0000] {manager.py:737} INFO - Searching for files in /opt/airflow/dags
[2026-09-26T06:17:19.216+0000] {manager.py:740} INFO - There are 0 files in /opt/airflow/dags
[2026-09-27T06:06:18.441+0000] {manager.py:737} INFO - Searching for files in /opt/airflow/dags
[2026-09-27T06:06:18.507+0000] {manager.py:740} INFO - There are 0 files in /opt/airflow/dags
[2026-09-27T06:11:19.304+0000] {manager.py:737} INFO - Searching for files in /opt/airflow/dags
[2026-09-27T06:11:19.342+0000] {manager.py:740} INFO - There are 0 files in /opt/airflow/dags
[2026-09-27T06:16:19.552+0000] {manager.py:737} INFO - Searching for files in /opt/airflow/dags
[2026-09-27T06:16:19.561+0000] {manager.py:740} INFO - There are 0 files in /opt/airflow/dags
[2026-09-27T07:39:08.081+0000] {manager.py:737} INFO - Searching for files in /opt/airflow/dags
[2026-09-27T07:39:08.084+0000] {manager.py:740} INFO - There are 0 files in /opt/airflow/dags
[2026-09-27T07:44:08.298+0000] {manager.py:737} INFO - Searching for files in /opt/airflow/dags
[2026-09-27T07:44:08.366+0000] {manager.py:740} INFO - There are 0 files in /opt/airflow/dags
[2026-09-27T07:49:08.549+0000] {manager.py:737} INFO - Searching for files in /opt/airflow/dags
[2026-09-27T07:49:08.581+0000] {manager.py:740} INFO - There are 0 files in /opt/airflow/dags
[2026-09-27T07:54:08.646+0000] {manager.py:737} INFO - Searching for files in /opt/airflow/dags
[2026-09-27T07:54:08.649+0000] {manager.py:740} INFO - There are 0 files in /opt/airflow/dags
[2026-09-27T07:59:08.688+0000] {manager.py:737} INFO - Searching for files in /opt/airflow/dags
[2026-09-27T07:59:08.697+0000] {manager.py:740} INFO - There are 0 files in /opt/airflow/dags
[2026-09-27T08:04:08.735+0000] {manager.py:737} INFO - Searching for files in /opt/airflow/dags
[2026-09-27T08:04:08.745+0000] {manager.py:740} INFO - There are 0 files in /opt/airflow/dags
[2026-09-27T08:09:09.048+0000] {manager.py:737} INFO - Searching for files in /opt/airflow/dags
[2026-09-27T08:09:09.054+0000] {manager.py:740} INFO - There are 0 files in /opt/airflow/dags
[2026-09-27T08:14:09.385+0000] {manager.py:737} INFO - Searching for files in /opt/airflow/dags
[2026-09-27T08:14:09.387+0000] {manager.py:740} INFO - There are 0 files in /opt/airflow/dags
[2026-09-27T08:19:09.561+0000] {manager.py:737} INFO - Searching for files in /opt/airflow/dags
[2026-09-27T08:19:09.571+0000] {manager.py:740} INFO - There are 0 files in /opt/airflow/dags
[2026-09-27T08:24:09.676+0000] {manager.py:737} INFO - Searching for files in /opt/airflow/dags
[2026-09-27T08:24:09.679+0000] {manager.py:740} INFO - There are 0 files in /opt/airflow/dags
[2026-09-27T08:29:09.855+0000] {manager.py:737} INFO - Searching for files in /opt/airflow/dags
[2026-09-27T08:29:09.863+0000] {manager.py:740} INFO - There are 0 files in /opt/airflow/dags
[2026-09-27T08:34:10.004+0000] {manager.py:737} INFO - Searching for files in /opt/airflow/dags
[2026-09-27T08:34:10.014+0000] {manager.py:740} INFO - There are 0 files in /opt/airflow/dags
[2026-09-27T08:39:10.178+0000] {manager.py:737} INFO - Searching for files in /opt/airflow/dags
[2026-09-27T08:39:10.185+0000] {manager.py:740} INFO - There are 0 files in /opt/airflow/dags
[2026-09-27T08:44:10.293+0000] {manager.py:737} INFO - Searching for files in /opt/airflow/dags
[2026-09-27T08:44:10.302+0000] {manager.py:740} INFO - There are 0 files in /opt/airflow/dags
[2026-09-27T08:49:10.487+0000] {manager.py:737} INFO - Searching for files in /opt/airflow/dags
[2026-09-27T08:49:10.497+0000] {manager.py:740} INFO - There are 0 files in /opt/airflow/dags
[2026-09-27T08:54:10.636+0000] {manager.py:737} INFO - Searching for files in /opt/airflow/dags
[2026-09-27T08:54:10.637+0000] {manager.py:740} INFO - There are 0 files in /opt/airflow/dags
[2026-09-27T08:59:10.716+0000] {manager.py:737} INFO - Searching for files in /opt/airflow/dags
[2026-09-27T08:59:10.726+0000] {manager.py:740} INFO - There are 0 files in /opt/airflow/dags
[2026-09-27T09:04:10.912+0000] {manager.py:737} INFO - Searching for files in /opt/airflow/dags
[2026-09-27T09:04:10.922+0000] {manager.py:740} INFO - There are 0 files in /opt/airflow/dags
[2026-09-27T09:09:11.098+0000] {manager.py:737} INFO - Searching for files in /opt/airflow/dags
[2026-09-27T09:09:11.102+0000] {manager.py:740} INFO - There are 0 files in /opt/airflow/dags
[2026-09-27T09:14:11.210+0000] {manager.py:737} INFO - Searching for files in /opt/airflow/dags
[2026-09-27T09:14:11.217+0000] {manager.py:740} INFO - There are 0 files in /opt/airflow/dags
[2026-09-27T09:19:11.354+0000] {manager.py:737} INFO - Searching for files in /opt/airflow/dags
[2026-09-27T09:19:11.364+0000] {manager.py:740} INFO - There are 0 files in /opt/airflow/dags
[2026-09-27T09:24:11.498+0000] {manager.py:737} INFO - Searching for files in /opt/airflow/dags
[2026-09-27T09:24:11.499+0000] {manager.py:740} INFO - There are 0 files in /opt/airflow/dags
[2026-09-27T09:29:11.639+0000] {manager.py:737} INFO - Searching for files in /opt/airflow/dags
[2026-09-27T09:29:11.668+0000] {manager.py:740} INFO - There are 0 files in /opt/airflow/dags
[2026-09-27T09:34:12.096+0000] {manager.py:737} INFO - Searching for files in /opt/airflow/dags
[2026-09-27T09:34:12.098+0000] {manager.py:740} INFO - There are 0 files in /opt/airflow/dags
[2026-09-27T09:39:12.457+0000] {manager.py:737} INFO - Searching for files in /opt/airflow/dags
[2026-09-27T09:39:12.460+0000] {manager.py:740} INFO - There are 0 files in /opt/airflow/dags
[2026-09-27T09:44:12.522+0000] {manager.py:737} INFO - Searching for files in /opt/airflow/dags
[2026-09-27T09:44:12.524+0000] {manager.py:740} INFO - There are 0 files in /opt/airflow/dags
[2026-09-27T09:49:12.614+0000] {manager.py:737} INFO - Searching for files in /opt/airflow/dags
[2026-09-27T09:49:12.618+0000] {manager.py:740} INFO - There are 0 files in /opt/airflow/dags
[2026-09-27T09:54:12.682+0000] {manager.py:737} INFO - Searching for files in /opt/airflow/dags
[2026-09-27T09:54:12.684+0000] {manager.py:740} INFO - There are 0 files in /opt/airflow/dags
[2026-09-27T09:59:12.864+0000] {manager.py:737} INFO - Searching for files in /opt/airflow/dags
[2026-09-27T09:59:12.875+0000] {manager.py:740} INFO - There are 0 files in /opt/airflow/dags
[2026-09-27T10:04:13.170+0000] {manager.py:737} INFO - Searching for files in /opt/airflow/dags
[2026-09-27T10:04:13.179+0000] {manager.py:740} INFO - There are 0 files in /opt/airflow/dags
[2026-09-27T10:09:13.331+0000] {manager.py:737} INFO - Searching for files in /opt/airflow/dags
[2026-09-27T10:09:13.333+0000] {manager.py:740} INFO - There are 0 files in /opt/airflow/dags
[2026-09-27T10:14:13.460+0000] {manager.py:737} INFO - Searching for files in /opt/airflow/dags
[2026-09-27T10:14:13.479+0000] {manager.py:740} INFO - There are 0 files in /opt/airflow/dags
[2026-09-27T10:19:13.613+0000] {manager.py:737} INFO - Searching for files in /opt/airflow/dags
[2026-09-27T10:19:13.619+0000] {manager.py:740} INFO - There are 0 files in /opt/airflow/dags
[2026-09-27T10:24:13.748+0000] {manager.py:737} INFO - Searching for files in /opt/airflow/dags
[2026-09-27T10:24:13.757+0000] {manager.py:740} INFO - There are 0 files in /opt/airflow/dags
[2026-09-27T10:29:13.818+0000] {manager.py:737} INFO - Searching for files in /opt/airflow/dags
[2026-09-27T10:29:13.829+0000] {manager.py:740} INFO - There are 0 files in /opt/airflow/dags
[2026-09-27T10:34:13.903+0000] {manager.py:737} INFO - Searching for files in /opt/airflow/dags
[2026-09-27T10:34:13.910+0000] {manager.py:740} INFO - There are 0 files in /opt/airflow/dags
[2026-09-27T10:39:13.983+0000] {manager.py:737} INFO - Searching for files in /opt/airflow/dags
[2026-09-27T10:39:13.993+0000] {manager.py:740} INFO - There are 0 files in /opt/airflow/dags
[2026-09-27T10:44:14.514+0000] {manager.py:737} INFO - Searching for files in /opt/airflow/dags
[2026-09-27T10:44:14.524+0000] {manager.py:740} INFO - There are 0 files in /opt/airflow/dags
[2026-09-27T10:49:15.241+0000] {manager.py:737} INFO - Searching for files in /opt/airflow/dags
[2026-09-27T10:49:15.244+0000] {manager.py:740} INFO - There are 0 files in /opt/airflow/dags
[2026-09-27T10:54:15.920+0000] {manager.py:737} INFO - Searching for files in /opt/airflow/dags
[2026-09-27T10:54:15.923+0000] {manager.py:740} INFO - There are 0 files in /opt/airflow/dags
[2026-09-27T10:59:16.363+0000] {manager.py:737} INFO - Searching for files in /opt/airflow/dags
[2026-09-27T10:59:16.373+0000] {manager.py:740} INFO - There are 0 files in /opt/airflow/dags
[2026-09-27T11:04:16.927+0000] {manager.py:737} INFO - Searching for files in /opt/airflow/dags
[2026-09-27T11:04:16.929+0000] {manager.py:740} INFO - There are 0 files in /opt/airflow/dags
[2026-09-27T11:09:17.069+0000] {manager.py:737} INFO - Searching for files in /opt/airflow/dags
[2026-09-27T11:09:17.072+0000] {manager.py:740} INFO - There are 0 files in /opt/airflow/dags
[2026-09-27T11:14:17.276+0000] {manager.py:737} INFO - Searching for files in /opt/airflow/dags
[2026-09-27T11:14:17.286+0000] {manager.py:740} INFO - There are 0 files in /opt/airflow/dags
[2026-09-27T11:19:17.652+0000] {manager.py:737} INFO - Searching for files in /opt/airflow/dags
[2026-09-27T11:19:17.658+0000] {manager.py:740} INFO - There are 0 files in /opt/airflow/dags
[2026-09-27T11:24:17.659+0000] {manager.py:737} INFO - Searching for files in /opt/airflow/dags
[2026-09-27T11:24:17.668+0000] {manager.py:740} INFO - There are 0 files in /opt/airflow/dags
[2026-09-27T11:29:18.516+0000] {manager.py:737} INFO - Searching for files in /opt/airflow/dags
[2026-09-27T11:29:18.519+0000] {manager.py:740} INFO - There are 0 files in /opt/airflow/dags
[2026-09-27T11:34:19.442+0000] {manager.py:737} INFO - Searching for files in /opt/airflow/dags
[2026-09-27T11:34:19.449+0000] {manager.py:740} INFO - There are 0 files in /opt/airflow/dags
[2026-09-27T11:39:20.391+0000] {manager.py:737} INFO - Searching for files in /opt/airflow/dags
[2026-09-27T11:39:20.398+0000] {manager.py:740} INFO - There are 0 files in /opt/airflow/dags
[2026-09-27T11:44:21.297+0000] {manager.py:737} INFO - Searching for files in /opt/airflow/dags
[2026-09-27T11:44:21.306+0000] {manager.py:740} INFO - There are 0 files in /opt/airflow/dags
[2026-09-27T11:49:22.249+0000] {manager.py:737} INFO - Searching for files in /opt/airflow/dags
[2026-09-27T11:49:22.252+0000] {manager.py:740} INFO - There are 0 files in /opt/airflow/dags
[2026-09-27T11:54:23.157+0000] {manager.py:737} INFO - Searching for files in /opt/airflow/dags
[2026-09-27T11:54:23.160+0000] {manager.py:740} INFO - There are 0 files in /opt/airflow/dags
[2026-09-27T14:51:48.249+0000] {manager.py:737} INFO - Searching for files in /opt/airflow/dags
[2026-09-27T14:51:48.252+0000] {manager.py:740} INFO - There are 0 files in /opt/airflow/dags
[2026-09-27T14:56:48.668+0000] {manager.py:737} INFO - Searching for files in /opt/airflow/dags
[2026-09-27T14:56:48.674+0000] {manager.py:740} INFO - There are 0 files in /opt/airflow/dags
[2026-09-27T15:01:49.139+0000] {manager.py:737} INFO - Searching for files in /opt/airflow/dags
[2026-09-27T15:01:49.149+0000] {manager.py:740} INFO - There are 0 files in /opt/airflow/dags
[2026-09-27T15:02:46.894+0000] {manager.py:452} INFO - Exiting gracefully upon receiving signal 15
